[{"model": "auth.user", "pk": 13, "fields": {"password": "pbkdf2_sha256$120000$IdxpvmkXzyRb$n2ijJI5IX519I7q1dKcED0tOWIL97Zg+n7sMl/NOVbE=", "last_login": "2019-03-07T07:51:59.709Z", "is_superuser": true, "username": "User_1", "first_name": "", "last_name": "", "email": "", "is_staff": true, "is_active": true, "date_joined": "2019-03-07T01:08:39.453Z", "groups": [], "user_permissions": []}}, {"model": "auth.user", "pk": 14, "fields": {"password": "pbkdf2_sha256$120000$2ouNc5XJFRb9$nbDZ2DTXMSbP8ebwmaskRcK92b3T/llTHs2fo1ss240=", "last_login": "2019-03-07T01:16:50.142Z", "is_superuser": true, "username": "User_2", "first_name": "", "last_name": "", "email": "", "is_staff": true, "is_active": true, "date_joined": "2019-03-07T01:08:52.766Z", "groups": [], "user_permissions": []}}, {"model": "auth.user", "pk": 15, "fields": {"password": "pbkdf2_sha256$120000$VFUYcPKwANzq$p68wSuE4/+LRc5+IhEQ/KtCsydXkpeVuLwcDcGHuuu0=", "last_login": "2019-03-07T07:06:26.009Z", "is_superuser": true, "username": "User_3", "first_name": "", "last_name": "", "email": "", "is_staff": true, "is_active": true, "date_joined": "2019-03-07T01:09:14.486Z", "groups": [], "user_permissions": []}}, {"model": "sessions.session", "pk": "h5kxte03a5vip48wsbvel34p152nm3cy", "fields": {"session_data": "Nzg2MGNkODY4NTBjMTc4OGVmNmVhZWE0ZGJmMmFjMmM4NmNkZDU4Yzp7Il9hdXRoX3VzZXJfaWQiOiIxMyIsIl9hdXRoX3VzZXJfYmFja2VuZCI6ImRqYW5nby5jb250cmliLmF1dGguYmFja2VuZHMuTW9kZWxCYWNrZW5kIiwiX2F1dGhfdXNlcl9oYXNoIjoiNDA1NjQ5YTJjODUyZmVjZTUxMTcxZWIwNjAyZWYwNjVkMDM1OGY1OSJ9", "expire_date": "2019-03-21T07:51:59.738Z"}}, {"model": "sessions.session", "pk": "taw5wnio6b76bp33d143ig63au3w7lcx", "fields": {"session_data": "NjNiZDEyMWE3NmRlNDdkYjgzMmIyYjZjMDdjMGU0ZGQxMDg3YTUxMjp7Il9hdXRoX3VzZXJfaWQiOiIxNCIsIl9hdXRoX3VzZXJfYmFja2VuZCI6ImRqYW5nby5jb250cmliLmF1dGguYmFja2VuZHMuTW9kZWxCYWNrZW5kIiwiX2F1dGhfdXNlcl9oYXNoIjoiNmFiOTE4M2I5N2Y0OTFhNzBkNGZhMWFhZjBhNTcwYTkxZDhhNWNmZCJ9", "expire_date": "2019-03-21T01:16:50.168Z"}}, {"model": "sessions.session", "pk": "w1as4tru7080vp7ke0gp2ubgv4d085l3", "fields": {"session_data": "Nzg2MGNkODY4NTBjMTc4OGVmNmVhZWE0ZGJmMmFjMmM4NmNkZDU4Yzp7Il9hdXRoX3VzZXJfaWQiOiIxMyIsIl9hdXRoX3VzZXJfYmFja2VuZCI6ImRqYW5nby5jb250cmliLmF1dGguYmFja2VuZHMuTW9kZWxCYWNrZW5kIiwiX2F1dGhfdXNlcl9oYXNoIjoiNDA1NjQ5YTJjODUyZmVjZTUxMTcxZWIwNjAyZWYwNjVkMDM1OGY1OSJ9", "expire_date": "2019-03-21T07:22:25.185Z"}}, {"model": "exams.exam", "pk": 16, "fields": {"examiner": 13, "avaiable": false, "created_in": "2019-03-07T01:10:25.953Z", "title": "Exam number 1", "topic": "IT", "answered": false, "checking": false, "judged": false, "judged_in": null, "archivized": false, "archivized_in": null}}, {"model": "exams.exam", "pk": 17, "fields": {"examiner": 14, "avaiable": false, "created_in": "2019-03-07T07:17:18.729Z", "title": "Exam number 2", "topic": "Fitness", "answered": true, "checking": false, "judged": true, "judged_in": "2019-03-07T07:16:55.921Z", "archivized": false, "archivized_in": null}}, {"model": "exams.exam", "pk": 18, "fields": {"examiner": 13, "avaiable": false, "created_in": "2019-03-07T07:26:09.620Z", "title": "Last exam number 3", "topic": "Building", "answered": true, "checking": false, "judged": true, "judged_in": "2019-03-07T07:26:09.620Z", "archivized": false, "archivized_in": null}}, {"model": "exams.exam", "pk": 19, "fields": {"examiner": 14, "avaiable": true, "created_in": "2019-03-07T07:20:47.348Z", "title": "Exam number 4, still going", "topic": "Personal", "answered": true, "checking": false, "judged": false, "judged_in": null, "archivized": false, "archivized_in": null}}, {"model": "exams.exam", "pk": 20, "fields": {"examiner": 14, "avaiable": false, "created_in": "2019-03-07T02:00:34.860Z", "title": "Archivum X", "topic": "Secret", "answered": false, "checking": false, "judged": false, "judged_in": null, "archivized": true, "archivized_in": "2019-03-07T02:00:34.860Z"}}, {"model": "exams.exam", "pk": 21, "fields": {"examiner": 13, "avaiable": false, "created_in": "2019-03-07T07:52:58.900Z", "title": "Archivum 002", "topic": "Nothing here", "answered": false, "checking": false, "judged": false, "judged_in": null, "archivized": true, "archivized_in": "2019-03-07T07:52:12.286Z"}}, {"model": "exams.question", "pk": 69, "fields": {"exam": 16, "question_text": "Whats your name?", "max_points": 0.5}}, {"model": "exams.question", "pk": 70, "fields": {"exam": 16, "question_text": "Whats your surname?", "max_points": 10.0}}, {"model": "exams.question", "pk": 71, "fields": {"exam": 16, "question_text": "Where you live?", "max_points": 1.0}}, {"model": "exams.question", "pk": 72, "fields": {"exam": 17, "question_text": "Whats your favrite exercise?", "max_points": 10.0}}, {"model": "exams.question", "pk": 73, "fields": {"exam": 17, "question_text": "Record on bench press?", "max_points": 10.0}}, {"model": "exams.question", "pk": 74, "fields": {"exam": 17, "question_text": "Do you working out legs?", "max_points": 10.0}}, {"model": "exams.question", "pk": 75, "fields": {"exam": 18, "question_text": "Which is more effective accordding to bearing -steel or concrete brigde? Why?", "max_points": 0.7}}, {"model": "exams.question", "pk": 76, "fields": {"exam": 18, "question_text": "Type the biggest benefits of steel bridges ?", "max_points": 20.0}}, {"model": "exams.question", "pk": 77, "fields": {"exam": 18, "question_text": "Type the biggest benefits of steel bridges?", "max_points": 20.0}}, {"model": "exams.question", "pk": 78, "fields": {"exam": 19, "question_text": "Whats your favorite meal?", "max_points": 0.7}}, {"model": "exams.question", "pk": 79, "fields": {"exam": 19, "question_text": "Tomato or potato?", "max_points": 100.0}}, {"model": "exams.question", "pk": 80, "fields": {"exam": 20, "question_text": "Whats your favrite exercise?", "max_points": 0.7}}, {"model": "exams.question", "pk": 81, "fields": {"exam": 20, "question_text": "Record on bench press?", "max_points": 10.0}}, {"model": "exams.question", "pk": 82, "fields": {"exam": 20, "question_text": "Do you working out legs?", "max_points": 100.0}}, {"model": "exams.question", "pk": 83, "fields": {"exam": 19, "question_text": "Do you like Pepsi light?", "max_points": 20.0}}, {"model": "exams.result", "pk": 4, "fields": {"exam": 17, "student": 13, "overall_max_points": 30.0, "scored_points": 2.0, "grade": 2}}, {"model": "exams.result", "pk": 5, "fields": {"exam": 18, "student": 14, "overall_max_points": 40.7, "scored_points": 15.5, "grade": 3}}, {"model": "exams.result", "pk": 6, "fields": {"exam": 19, "student": 13, "overall_max_points": null, "scored_points": null, "grade": null}}, {"model": "exams.result", "pk": 7, "fields": {"exam": 17, "student": 15, "overall_max_points": 30.0, "scored_points": 30.0, "grade": 5}}, {"model": "exams.result", "pk": 8, "fields": {"exam": 18, "student": 15, "overall_max_points": 40.7, "scored_points": 20.7, "grade": 4}}, {"model": "exams.result", "pk": 9, "fields": {"exam": 19, "student": 15, "overall_max_points": null, "scored_points": null, "grade": null}}, {"model": "exams.answer", "pk": 9, "fields": {"question": 69, "exam": 16, "student": 14, "answer_text": "Antek"}}, {"model": "exams.answer", "pk": 10, "fields": {"question": 72, "exam": 17, "student": 13, "answer_text": "Hip-thrust"}}, {"model": "exams.answer", "pk": 11, "fields": {"question": 73, "exam": 17, "student": 13, "answer_text": "100"}}, {"model": "exams.answer", "pk": 12, "fields": {"question": 74, "exam": 17, "student": 13, "answer_text": "Nope"}}, {"model": "exams.answer", "pk": 13, "fields": {"question": 75, "exam": 18, "student": 14, "answer_text": "Concrete, the most important reason why concrete is better than steel is"}}, {"model": "exams.answer", "pk": 14, "fields": {"question": 76, "exam": 18, "student": 14, "answer_text": "Price"}}, {"model": "exams.answer", "pk": 15, "fields": {"question": 77, "exam": 18, "student": 14, "answer_text": "view"}}, {"model": "exams.answer", "pk": 16, "fields": {"question": 72, "exam": 17, "student": 15, "answer_text": "Bench press"}}, {"model": "exams.answer", "pk": 17, "fields": {"question": 73, "exam": 17, "student": 15, "answer_text": "50 kg"}}, {"model": "exams.answer", "pk": 18, "fields": {"question": 74, "exam": 17, "student": 15, "answer_text": "Yes"}}, {"model": "exams.answer", "pk": 19, "fields": {"question": 75, "exam": 18, "student": 15, "answer_text": "Concrete but i dont know why"}}, {"model": "exams.answer", "pk": 20, "fields": {"question": 77, "exam": 18, "student": 15, "answer_text": "It looks good"}}, {"model": "exams.answer", "pk": 21, "fields": {"question": 78, "exam": 19, "student": 15, "answer_text": "Pizza"}}, {"model": "exams.answer", "pk": 22, "fields": {"question": 79, "exam": 19, "student": 15, "answer_text": "Definitely Potato"}}, {"model": "exams.assesment", "pk": 9, "fields": {"exam": 17, "student_answer": 10, "result": 4, "commentary": "Nice one", "points": 0.0}}, {"model": "exams.assesment", "pk": 10, "fields": {"exam": 17, "student_answer": 11, "result": 4, "commentary": "Nice", "points": 1.0}}, {"model": "exams.assesment", "pk": 11, "fields": {"exam": 17, "student_answer": 12, "result": 4, "commentary": "good", "points": 1.0}}, {"model": "exams.assesment", "pk": 12, "fields": {"exam": 18, "student_answer": 13, "result": 5, "commentary": "Nice one", "points": 0.5}}, {"model": "exams.assesment", "pk": 13, "fields": {"exam": 18, "student_answer": 14, "result": 5, "commentary": "Nice one", "points": 5.0}}, {"model": "exams.assesment", "pk": 14, "fields": {"exam": 18, "student_answer": 15, "result": 5, "commentary": "Nice one", "points": 10.0}}, {"model": "exams.assesment", "pk": 15, "fields": {"exam": 17, "student_answer": 16, "result": 7, "commentary": "Nice one", "points": 10.0}}, {"model": "exams.assesment", "pk": 16, "fields": {"exam": 17, "student_answer": 17, "result": 7, "commentary": "Nice one", "points": 10.0}}, {"model": "exams.assesment", "pk": 17, "fields": {"exam": 17, "student_answer": 18, "result": 7, "commentary": "Nice one", "points": 10.0}}, {"model": "exams.assesment", "pk": 18, "fields": {"exam": 18, "student_answer": 19, "result": 8, "commentary": "Nice shoot", "points": 0.7}}, {"model": "exams.assesment", "pk": 19, "fields": {"exam": 18, "student_answer": 20, "result": 8, "commentary": "Perfect", "points": 20.0}}]